{
  "fictif": {
    "ONTUSDT": {
      "achat": 0.1381,
      "usdt": 1000.3774699999999,
      "timestamp": 1744881585.323067
    },
    "QTUMUSDT": {
      "achat": 1.963,
      "usdt": 1000.21024,
      "timestamp": 1744880580.649802
    }
  },
  "reel": {}
}